{"cameraMode":{"drawMode":0,"name":"Shaded","section":"Shading Mode"},"sceneLighting":true,"audioPlay":false,"sceneViewState":{"showFog":true,"showMaterialUpdate":false,"showSkybox":true,"showFlares":true,"showImageEffects":true,"showParticleSystems":true},"in2DMode":false,"pivot":{"x":-202.49356079101563,"y":161.9488525390625,"z":144.0072479248047},"rotation":{"x":0.004504322074353695,"y":0.7418764233589172,"z":-0.6706217527389526,"w":0.004742608405649662},"size":1006.6636962890625,"orthographic":false}