{"cameraMode":{"drawMode":0,"name":"Shaded","section":"Shading Mode"},"sceneLighting":false,"audioPlay":false,"sceneViewState":{"showFog":true,"showMaterialUpdate":false,"showSkybox":false,"showFlares":true,"showImageEffects":true,"showParticleSystems":true},"in2DMode":false,"pivot":{"x":-0.9755101203918457,"y":-3.4690475463867189,"z":-7.442391395568848},"rotation":{"x":-0.013801374472677708,"y":0.9764678478240967,"z":-0.20506584644317628,"w":-0.06572135537862778},"size":6.818440914154053,"orthographic":false}